<?xml version="1.0" encoding="UTF-8" standalone="no"?>
<process version="5.3.013">
  <context>
    <input/>
    <output/>
    <macros/>
  </context>
  <operator activated="true" class="process" compatibility="5.3.013" expanded="true" name="Process">
    <parameter key="logverbosity" value="init"/>
    <parameter key="random_seed" value="2001"/>
    <parameter key="send_mail" value="never"/>
    <parameter key="notification_email" value=""/>
    <parameter key="process_duration_for_mail" value="30"/>
    <parameter key="encoding" value="SYSTEM"/>
    <parameter key="parallelize_main_process" value="false"/>
    <process expanded="true">
      <operator activated="true" class="retrieve" compatibility="5.3.013" expanded="true" height="60" name="Retrieve Iris" width="90" x="45" y="75">
        <parameter key="repository_entry" value="//Samples/data/Iris"/>
      </operator>
      <operator activated="true" class="sample" compatibility="5.3.013" expanded="true" height="76" name="Sample" width="90" x="179" y="75">
        <parameter key="sample" value="absolute"/>
        <parameter key="balance_data" value="false"/>
        <parameter key="sample_size" value="120"/>
        <parameter key="sample_ratio" value="0.1"/>
        <parameter key="sample_probability" value="0.1"/>
        <list key="sample_size_per_class"/>
        <list key="sample_ratio_per_class"/>
        <list key="sample_probability_per_class"/>
        <parameter key="use_local_random_seed" value="false"/>
        <parameter key="local_random_seed" value="1992"/>
      </operator>
      <operator activated="true" class="sample" compatibility="5.3.013" expanded="true" height="76" name="Sample (2)" width="90" x="179" y="165">
        <parameter key="sample" value="relative"/>
        <parameter key="balance_data" value="false"/>
        <parameter key="sample_size" value="100"/>
        <parameter key="sample_ratio" value="0.8"/>
        <parameter key="sample_probability" value="0.1"/>
        <list key="sample_size_per_class"/>
        <list key="sample_ratio_per_class"/>
        <list key="sample_probability_per_class"/>
        <parameter key="use_local_random_seed" value="false"/>
        <parameter key="local_random_seed" value="1992"/>
      </operator>
      <operator activated="true" class="sample" compatibility="5.3.013" expanded="true" height="76" name="Sample (3)" width="90" x="179" y="255">
        <parameter key="sample" value="probability"/>
        <parameter key="balance_data" value="false"/>
        <parameter key="sample_size" value="100"/>
        <parameter key="sample_ratio" value="0.1"/>
        <parameter key="sample_probability" value="0.8"/>
        <list key="sample_size_per_class"/>
        <list key="sample_ratio_per_class"/>
        <list key="sample_probability_per_class"/>
        <parameter key="use_local_random_seed" value="false"/>
        <parameter key="local_random_seed" value="1992"/>
      </operator>
      <operator activated="true" class="sample" compatibility="5.3.013" expanded="true" height="76" name="Sample (4)" width="90" x="179" y="345">
        <description>Iris-setosa
Iris-versicolor
Iris-virginica</description>
        <parameter key="sample" value="probability"/>
        <parameter key="balance_data" value="true"/>
        <parameter key="sample_size" value="100"/>
        <parameter key="sample_ratio" value="0.1"/>
        <parameter key="sample_probability" value="1.0"/>
        <list key="sample_size_per_class"/>
        <list key="sample_ratio_per_class"/>
        <list key="sample_probability_per_class">
          <parameter key="Iris-setosa" value="0.1"/>
          <parameter key="Iris-versicolor" value="0.1"/>
          <parameter key="Iris-virginica" value="0.1"/>
        </list>
        <parameter key="use_local_random_seed" value="false"/>
        <parameter key="local_random_seed" value="1992"/>
      </operator>
      <operator activated="true" class="sample_stratified" compatibility="5.3.013" expanded="true" height="76" name="Sample (Stratified)" width="90" x="179" y="435">
        <parameter key="sample" value="relative"/>
        <parameter key="sample_size" value="100"/>
        <parameter key="sample_ratio" value="0.1"/>
        <parameter key="use_local_random_seed" value="false"/>
        <parameter key="local_random_seed" value="1992"/>
      </operator>
      <operator activated="true" class="sample" compatibility="5.3.013" expanded="true" height="76" name="Sample (5)" width="90" x="313" y="525">
        <description>remove most of one label value</description>
        <parameter key="sample" value="probability"/>
        <parameter key="balance_data" value="true"/>
        <parameter key="sample_size" value="100"/>
        <parameter key="sample_ratio" value="0.1"/>
        <parameter key="sample_probability" value="1.0"/>
        <list key="sample_size_per_class"/>
        <list key="sample_ratio_per_class"/>
        <list key="sample_probability_per_class">
          <parameter key="Iris-setosa" value="0.1"/>
          <parameter key="Iris-versicolor" value="1.0"/>
          <parameter key="Iris-virginica" value="1.0"/>
        </list>
        <parameter key="use_local_random_seed" value="false"/>
        <parameter key="local_random_seed" value="1992"/>
      </operator>
      <operator activated="true" class="sample_bootstrapping" compatibility="5.3.013" expanded="true" height="76" name="Sample (Bootstrapping)" width="90" x="447" y="525">
        <description>upsample to bring the smaller sample up to a larger absolute number</description>
        <parameter key="sample" value="relative"/>
        <parameter key="sample_size" value="222"/>
        <parameter key="sample_ratio" value="10.0"/>
        <parameter key="use_weights" value="true"/>
        <parameter key="use_local_random_seed" value="false"/>
        <parameter key="local_random_seed" value="1992"/>
      </operator>
      <operator activated="true" class="sample" compatibility="5.3.013" expanded="true" height="76" name="Sample (6)" width="90" x="581" y="525">
        <description>sample with proportions to force the result to approximately represent equal proportions of the label values</description>
        <parameter key="sample" value="probability"/>
        <parameter key="balance_data" value="true"/>
        <parameter key="sample_size" value="100"/>
        <parameter key="sample_ratio" value="0.1"/>
        <parameter key="sample_probability" value="1.0"/>
        <list key="sample_size_per_class"/>
        <list key="sample_ratio_per_class"/>
        <list key="sample_probability_per_class">
          <parameter key="Iris-setosa" value="1.0"/>
          <parameter key="Iris-versicolor" value="0.1"/>
          <parameter key="Iris-virginica" value="0.1"/>
        </list>
        <parameter key="use_local_random_seed" value="false"/>
        <parameter key="local_random_seed" value="1992"/>
      </operator>
      <connect from_op="Retrieve Iris" from_port="output" to_op="Sample" to_port="example set input"/>
      <connect from_op="Sample" from_port="example set output" to_port="result 1"/>
      <connect from_op="Sample" from_port="original" to_op="Sample (2)" to_port="example set input"/>
      <connect from_op="Sample (2)" from_port="example set output" to_port="result 2"/>
      <connect from_op="Sample (2)" from_port="original" to_op="Sample (3)" to_port="example set input"/>
      <connect from_op="Sample (3)" from_port="example set output" to_port="result 3"/>
      <connect from_op="Sample (3)" from_port="original" to_op="Sample (4)" to_port="example set input"/>
      <connect from_op="Sample (4)" from_port="example set output" to_port="result 4"/>
      <connect from_op="Sample (4)" from_port="original" to_op="Sample (Stratified)" to_port="example set input"/>
      <connect from_op="Sample (Stratified)" from_port="example set output" to_port="result 5"/>
      <connect from_op="Sample (Stratified)" from_port="original" to_op="Sample (5)" to_port="example set input"/>
      <connect from_op="Sample (5)" from_port="example set output" to_op="Sample (Bootstrapping)" to_port="example set input"/>
      <connect from_op="Sample (Bootstrapping)" from_port="example set output" to_op="Sample (6)" to_port="example set input"/>
      <connect from_op="Sample (6)" from_port="example set output" to_port="result 6"/>
      <portSpacing port="source_input 1" spacing="0"/>
      <portSpacing port="sink_result 1" spacing="0"/>
      <portSpacing port="sink_result 2" spacing="0"/>
      <portSpacing port="sink_result 3" spacing="0"/>
      <portSpacing port="sink_result 4" spacing="0"/>
      <portSpacing port="sink_result 5" spacing="0"/>
      <portSpacing port="sink_result 6" spacing="0"/>
      <portSpacing port="sink_result 7" spacing="0"/>
    </process>
  </operator>
</process>
