<?xml version="1.0" encoding="UTF-8" standalone="no"?>
<process version="5.3.014">
  <context>
    <input/>
    <output/>
    <macros/>
  </context>
  <operator activated="true" class="process" compatibility="5.3.014" expanded="true" name="Process">
    <description>&lt;center&gt;Copyright © 2013 Andrew Chisholm&lt;br&gt;
&lt;center&gt;All rights reserved&lt;br&gt;
&lt;center&gt;andrew.chisholm@information-gain.com&lt;br&gt;
&lt;br&gt;
&lt;br&gt;
This process reads and writes to a folder at the following location
&lt;br&gt;
C:\exploringDataWithRapidMiner
&lt;br&gt;
Change this for your own needs as required
</description>
    <parameter key="logverbosity" value="init"/>
    <parameter key="random_seed" value="2001"/>
    <parameter key="send_mail" value="never"/>
    <parameter key="notification_email" value=""/>
    <parameter key="process_duration_for_mail" value="30"/>
    <parameter key="encoding" value="SYSTEM"/>
    <parameter key="parallelize_main_process" value="false"/>
    <process expanded="true">
      <operator activated="true" class="read_csv" compatibility="5.3.014" expanded="true" height="60" name="Read CSV" width="90" x="112" y="30">
        <parameter key="csv_file" value="C:\exploringDataWithRapidMiner\DataToVisualize.csv"/>
        <parameter key="column_separators" value=";"/>
        <parameter key="trim_lines" value="false"/>
        <parameter key="use_quotes" value="true"/>
        <parameter key="quotes_character" value="&quot;"/>
        <parameter key="escape_character" value="\"/>
        <parameter key="skip_comments" value="false"/>
        <parameter key="comment_characters" value="#"/>
        <parameter key="parse_numbers" value="true"/>
        <parameter key="decimal_character" value="."/>
        <parameter key="grouped_digits" value="false"/>
        <parameter key="grouping_character" value=","/>
        <parameter key="date_format" value="EEE MMM dd HH:mm:ss zzz yyyy"/>
        <parameter key="first_row_as_names" value="false"/>
        <list key="annotations">
          <parameter key="0" value="Name"/>
        </list>
        <parameter key="time_zone" value="SYSTEM"/>
        <parameter key="locale" value="English (United Kingdom)"/>
        <parameter key="encoding" value="windows-1252"/>
        <list key="data_set_meta_data_information">
          <parameter key="0" value="date.true.date_time.attribute"/>
          <parameter key="1" value="id.true.integer.attribute"/>
          <parameter key="2" value="att16.true.polynominal.attribute"/>
          <parameter key="3" value="att1.true.real.attribute"/>
          <parameter key="4" value="att2.true.real.attribute"/>
          <parameter key="5" value="att3.true.real.attribute"/>
          <parameter key="6" value="att4.true.real.attribute"/>
          <parameter key="7" value="att5.true.real.attribute"/>
          <parameter key="8" value="att6.true.real.attribute"/>
          <parameter key="9" value="att7.true.real.attribute"/>
          <parameter key="10" value="att8.true.real.attribute"/>
          <parameter key="11" value="att9.true.real.attribute"/>
          <parameter key="12" value="att10.true.real.attribute"/>
          <parameter key="13" value="att11.true.real.attribute"/>
          <parameter key="14" value="att12.true.real.attribute"/>
          <parameter key="15" value="att13.true.real.attribute"/>
          <parameter key="16" value="att14.true.real.attribute"/>
          <parameter key="17" value="att15.true.real.attribute"/>
        </list>
        <parameter key="read_not_matching_values_as_missings" value="true"/>
        <parameter key="datamanagement" value="double_array"/>
      </operator>
      <operator activated="true" class="set_role" compatibility="5.3.014" expanded="true" height="76" name="Set Role" width="90" x="313" y="30">
        <parameter key="attribute_name" value="id"/>
        <parameter key="target_role" value="id"/>
        <list key="set_additional_roles">
          <parameter key="date" value="date"/>
        </list>
      </operator>
      <connect from_op="Read CSV" from_port="output" to_op="Set Role" to_port="example set input"/>
      <connect from_op="Set Role" from_port="example set output" to_port="result 1"/>
      <portSpacing port="source_input 1" spacing="0"/>
      <portSpacing port="sink_result 1" spacing="0"/>
      <portSpacing port="sink_result 2" spacing="0"/>
    </process>
  </operator>
</process>
