<?xml version="1.0" encoding="UTF-8" standalone="no"?>
<process version="5.3.013">
  <context>
    <input/>
    <output/>
    <macros/>
  </context>
  <operator activated="true" class="process" compatibility="5.3.013" expanded="true" name="Process">
    <description>&lt;center&gt;Copyright © 2013 Andrew Chisholm&lt;br&gt;&lt;center&gt;All rights reserved&lt;br&gt;&lt;center&gt;andrew.chisholm@information-gain.com&lt;br&gt;</description>
    <parameter key="logverbosity" value="init"/>
    <parameter key="random_seed" value="2001"/>
    <parameter key="send_mail" value="never"/>
    <parameter key="notification_email" value=""/>
    <parameter key="process_duration_for_mail" value="30"/>
    <parameter key="encoding" value="SYSTEM"/>
    <parameter key="parallelize_main_process" value="false"/>
    <process expanded="true">
      <operator activated="true" class="retrieve" compatibility="5.3.013" expanded="true" height="60" name="Retrieve Iris" width="90" x="112" y="75">
        <parameter key="repository_entry" value="//Samples/data/Iris"/>
      </operator>
      <operator activated="true" class="generate_data" compatibility="5.3.013" expanded="true" height="60" name="Generate Data" width="90" x="112" y="165">
        <parameter key="target_function" value="gaussian mixture clusters"/>
        <parameter key="number_examples" value="100000"/>
        <parameter key="number_of_attributes" value="2"/>
        <parameter key="attributes_lower_bound" value="-10.0"/>
        <parameter key="attributes_upper_bound" value="10.0"/>
        <parameter key="use_local_random_seed" value="false"/>
        <parameter key="local_random_seed" value="1992"/>
        <parameter key="datamanagement" value="double_array"/>
      </operator>
      <operator activated="true" class="sample" compatibility="5.3.013" expanded="true" height="76" name="Sample" width="90" x="246" y="165">
        <parameter key="sample" value="absolute"/>
        <parameter key="balance_data" value="false"/>
        <parameter key="sample_size" value="100"/>
        <parameter key="sample_ratio" value="0.1"/>
        <parameter key="sample_probability" value="0.1"/>
        <list key="sample_size_per_class"/>
        <list key="sample_ratio_per_class"/>
        <list key="sample_probability_per_class"/>
        <parameter key="use_local_random_seed" value="false"/>
        <parameter key="local_random_seed" value="1992"/>
      </operator>
      <operator activated="true" class="generate_attributes" compatibility="5.3.013" expanded="true" height="76" name="Generate Attributes (2)" width="90" x="380" y="390">
        <list key="function_descriptions">
          <parameter key="source" value="&quot;Sample&quot;"/>
        </list>
        <parameter key="use_standard_constants" value="true"/>
        <parameter key="keep_all" value="true"/>
      </operator>
      <operator activated="true" class="generate_attributes" compatibility="5.3.013" expanded="true" height="76" name="Generate Attributes" width="90" x="380" y="165">
        <list key="function_descriptions">
          <parameter key="source" value="&quot;Original&quot;"/>
        </list>
        <parameter key="use_standard_constants" value="true"/>
        <parameter key="keep_all" value="true"/>
      </operator>
      <operator activated="true" class="append" compatibility="5.3.013" expanded="true" height="94" name="Append" width="90" x="581" y="255">
        <parameter key="datamanagement" value="double_array"/>
        <parameter key="merge_type" value="all"/>
      </operator>
      <connect from_op="Retrieve Iris" from_port="output" to_port="result 1"/>
      <connect from_op="Generate Data" from_port="output" to_op="Sample" to_port="example set input"/>
      <connect from_op="Sample" from_port="example set output" to_op="Generate Attributes" to_port="example set input"/>
      <connect from_op="Sample" from_port="original" to_op="Generate Attributes (2)" to_port="example set input"/>
      <connect from_op="Generate Attributes (2)" from_port="example set output" to_op="Append" to_port="example set 2"/>
      <connect from_op="Generate Attributes (2)" from_port="original" to_port="result 3"/>
      <connect from_op="Generate Attributes" from_port="example set output" to_op="Append" to_port="example set 1"/>
      <connect from_op="Generate Attributes" from_port="original" to_port="result 2"/>
      <connect from_op="Append" from_port="merged set" to_port="result 4"/>
      <portSpacing port="source_input 1" spacing="0"/>
      <portSpacing port="sink_result 1" spacing="0"/>
      <portSpacing port="sink_result 2" spacing="0"/>
      <portSpacing port="sink_result 3" spacing="0"/>
      <portSpacing port="sink_result 4" spacing="0"/>
      <portSpacing port="sink_result 5" spacing="0"/>
    </process>
  </operator>
</process>
