<?xml version="1.0" encoding="UTF-8" standalone="no"?>
<process version="5.3.013">
  <context>
    <input/>
    <output/>
    <macros>
      <macro>
        <key>fileToRead</key>
        <value>C:\exploringDataWithRapidMiner\all.csv</value>
      </macro>
      <macro>
        <key>batch</key>
        <value>0</value>
      </macro>
    </macros>
  </context>
  <operator activated="true" class="process" compatibility="5.3.013" expanded="true" name="Process">
    <description>&lt;center&gt;Copyright © 2013 Andrew Chisholm&lt;br&gt;&lt;center&gt;All rights reserved&lt;br&gt;&lt;center&gt;andrew.chisholm@information-gain.com&lt;br&gt;

&lt;br&gt;
&lt;br&gt;
This process requires a file to be located at C:\exploringDataWithRapidMiner\all.csv
&lt;br&gt;
Change this as required.
</description>
    <parameter key="logverbosity" value="init"/>
    <parameter key="random_seed" value="2001"/>
    <parameter key="send_mail" value="never"/>
    <parameter key="notification_email" value=""/>
    <parameter key="process_duration_for_mail" value="30"/>
    <parameter key="encoding" value="SYSTEM"/>
    <parameter key="parallelize_main_process" value="false"/>
    <process expanded="true">
      <operator activated="true" class="read_csv" compatibility="5.3.013" expanded="true" height="60" name="Read CSV" width="90" x="45" y="30">
        <parameter key="csv_file" value="%{fileToRead}"/>
        <parameter key="column_separators" value="\r\n"/>
        <parameter key="trim_lines" value="false"/>
        <parameter key="use_quotes" value="false"/>
        <parameter key="quotes_character" value="&quot;"/>
        <parameter key="escape_character" value="\"/>
        <parameter key="skip_comments" value="false"/>
        <parameter key="comment_characters" value="#"/>
        <parameter key="parse_numbers" value="true"/>
        <parameter key="decimal_character" value="."/>
        <parameter key="grouped_digits" value="false"/>
        <parameter key="grouping_character" value=","/>
        <parameter key="date_format" value=""/>
        <parameter key="first_row_as_names" value="false"/>
        <list key="annotations"/>
        <parameter key="time_zone" value="SYSTEM"/>
        <parameter key="locale" value="English (United States)"/>
        <parameter key="encoding" value="windows-1252"/>
        <list key="data_set_meta_data_information">
          <parameter key="0" value="att1.true.polynominal.attribute"/>
        </list>
        <parameter key="read_not_matching_values_as_missings" value="true"/>
        <parameter key="datamanagement" value="double_array"/>
      </operator>
      <operator activated="true" class="loop_batches" compatibility="5.3.013" expanded="true" height="60" name="Loop Batches" width="90" x="179" y="30">
        <parameter key="batch_size" value="1000"/>
        <parameter key="parallelize_batch_process" value="false"/>
        <process expanded="true">
          <operator activated="true" class="generate_macro" compatibility="5.3.013" expanded="true" height="76" name="Generate Macro" width="90" x="45" y="30">
            <list key="function_descriptions">
              <parameter key="batch" value="%{batch}+1"/>
            </list>
            <parameter key="use_standard_constants" value="true"/>
          </operator>
          <operator activated="true" class="write_csv" compatibility="5.3.013" expanded="true" height="76" name="Write CSV" width="90" x="179" y="30">
            <parameter key="csv_file" value="%{fileToRead}_%{batch}.csv"/>
            <parameter key="column_separator" value=";"/>
            <parameter key="write_attribute_names" value="false"/>
            <parameter key="quote_nominal_values" value="false"/>
            <parameter key="format_date_attributes" value="true"/>
            <parameter key="append_to_file" value="false"/>
            <parameter key="encoding" value="SYSTEM"/>
          </operator>
          <connect from_port="exampleSet" to_op="Generate Macro" to_port="through 1"/>
          <connect from_op="Generate Macro" from_port="through 1" to_op="Write CSV" to_port="input"/>
          <portSpacing port="source_exampleSet" spacing="0"/>
        </process>
      </operator>
      <connect from_op="Read CSV" from_port="output" to_op="Loop Batches" to_port="example set"/>
      <connect from_op="Loop Batches" from_port="example set" to_port="result 1"/>
      <portSpacing port="source_input 1" spacing="0"/>
      <portSpacing port="sink_result 1" spacing="0"/>
      <portSpacing port="sink_result 2" spacing="0"/>
    </process>
  </operator>
</process>
