<?xml version="1.0" encoding="UTF-8" standalone="no"?>
<process version="5.3.013">
  <context>
    <input/>
    <output/>
    <macros/>
  </context>
  <operator activated="true" class="process" compatibility="5.3.013" expanded="true" name="Process">
    <description>&lt;center&gt;Copyright © 2013 Andrew Chisholm&lt;br&gt;
&lt;center&gt;All rights reserved&lt;br&gt;
&lt;center&gt;andrew.chisholm@information-gain.com&lt;br&gt;

&lt;br&gt;
&lt;br&gt;
This process reads and writes to a folder at the following location
&lt;br&gt;
C:\exploringDataWithRapidMiner
&lt;br&gt;
Change this for your own needs as required</description>
    <parameter key="logverbosity" value="init"/>
    <parameter key="random_seed" value="2001"/>
    <parameter key="send_mail" value="never"/>
    <parameter key="notification_email" value=""/>
    <parameter key="process_duration_for_mail" value="30"/>
    <parameter key="encoding" value="SYSTEM"/>
    <parameter key="parallelize_main_process" value="false"/>
    <process expanded="true">
      <operator activated="true" class="read_csv" compatibility="5.3.013" expanded="true" height="60" name="Read CSV" width="90" x="179" y="120">
        <parameter key="csv_file" value="C:\exploringDataWithRapidMiner\ExampleCSV.csv"/>
        <parameter key="column_separators" value=","/>
        <parameter key="trim_lines" value="false"/>
        <parameter key="use_quotes" value="true"/>
        <parameter key="quotes_character" value="&quot;"/>
        <parameter key="escape_character" value="\"/>
        <parameter key="skip_comments" value="false"/>
        <parameter key="comment_characters" value="#"/>
        <parameter key="parse_numbers" value="true"/>
        <parameter key="decimal_character" value="."/>
        <parameter key="grouped_digits" value="false"/>
        <parameter key="grouping_character" value=","/>
        <parameter key="date_format" value=""/>
        <parameter key="first_row_as_names" value="false"/>
        <list key="annotations">
          <parameter key="0" value="Name"/>
        </list>
        <parameter key="time_zone" value="SYSTEM"/>
        <parameter key="locale" value="English (United States)"/>
        <parameter key="encoding" value="windows-1252"/>
        <list key="data_set_meta_data_information">
          <parameter key="0" value="polyNominalLabel.true.polynominal.label"/>
          <parameter key="1" value="aRealAttribute.true.real.attribute"/>
          <parameter key="2" value="notSelected.false.real.attribute"/>
          <parameter key="3" value="id.true.numeric.id"/>
        </list>
        <parameter key="read_not_matching_values_as_missings" value="true"/>
        <parameter key="datamanagement" value="double_array"/>
      </operator>
      <connect from_op="Read CSV" from_port="output" to_port="result 1"/>
      <portSpacing port="source_input 1" spacing="0"/>
      <portSpacing port="sink_result 1" spacing="0"/>
      <portSpacing port="sink_result 2" spacing="0"/>
    </process>
  </operator>
</process>
