<?xml version="1.0" encoding="UTF-8" standalone="no"?>
<process version="5.3.014">
  <context>
    <input/>
    <output/>
    <macros/>
  </context>
  <operator activated="true" class="process" compatibility="5.3.014" expanded="true" name="Process">
    <description>&lt;center&gt;Copyright © 2013 Andrew Chisholm&lt;br&gt;&lt;center&gt;All rights reserved&lt;br&gt;&lt;center&gt;andrew.chisholm@information-gain.com&lt;br&gt;

&lt;br&gt;
&lt;br&gt;

This process reads and writes to a folder at the following location
&lt;br&gt;
C:\exploringDataWithRapidMiner
&lt;br&gt;
Change this for your own needs as required
</description>
    <parameter key="logverbosity" value="init"/>
    <parameter key="random_seed" value="2001"/>
    <parameter key="send_mail" value="never"/>
    <parameter key="notification_email" value=""/>
    <parameter key="process_duration_for_mail" value="30"/>
    <parameter key="encoding" value="SYSTEM"/>
    <parameter key="parallelize_main_process" value="false"/>
    <process expanded="true">
      <operator activated="true" class="generate_nominal_data" compatibility="5.3.014" expanded="true" height="60" name="Generate Nominal Data" width="90" x="112" y="75">
        <parameter key="number_examples" value="101"/>
        <parameter key="number_of_attributes" value="2"/>
        <parameter key="number_of_values" value="2"/>
        <parameter key="use_local_random_seed" value="false"/>
        <parameter key="local_random_seed" value="1992"/>
      </operator>
      <operator activated="true" class="set_data" compatibility="5.3.014" expanded="true" height="76" name="Set Data" width="90" x="112" y="165">
        <parameter key="example_index" value="101"/>
        <parameter key="count_backwards" value="false"/>
        <parameter key="attribute_name" value="label"/>
        <parameter key="value" value="zero"/>
        <list key="additional_values"/>
      </operator>
      <operator activated="true" class="set_data" compatibility="5.3.014" expanded="true" height="76" name="Set Data (2)" width="90" x="112" y="255">
        <parameter key="example_index" value="10"/>
        <parameter key="count_backwards" value="false"/>
        <parameter key="attribute_name" value="att1"/>
        <parameter key="value" value="value2"/>
        <list key="additional_values">
          <parameter key="att2" value="value2"/>
        </list>
      </operator>
      <operator activated="true" class="write_csv" compatibility="5.3.014" expanded="true" height="76" name="Write CSV" width="90" x="112" y="345">
        <parameter key="csv_file" value="C:\exploringDataWithRapidMiner\csvParseExample.csv"/>
        <parameter key="column_separator" value=";"/>
        <parameter key="write_attribute_names" value="true"/>
        <parameter key="quote_nominal_values" value="true"/>
        <parameter key="format_date_attributes" value="true"/>
        <parameter key="append_to_file" value="false"/>
        <parameter key="encoding" value="SYSTEM"/>
      </operator>
      <operator activated="true" class="read_csv" compatibility="5.3.014" expanded="true" height="60" name="Read CSV" width="90" x="313" y="75">
        <parameter key="csv_file" value="C:\exploringDataWithRapidMiner\csvParseExample.csv"/>
        <parameter key="column_separators" value=";"/>
        <parameter key="trim_lines" value="false"/>
        <parameter key="use_quotes" value="true"/>
        <parameter key="quotes_character" value="&quot;"/>
        <parameter key="escape_character" value="\"/>
        <parameter key="skip_comments" value="false"/>
        <parameter key="comment_characters" value="#"/>
        <parameter key="parse_numbers" value="true"/>
        <parameter key="decimal_character" value="."/>
        <parameter key="grouped_digits" value="false"/>
        <parameter key="grouping_character" value=","/>
        <parameter key="date_format" value=""/>
        <parameter key="first_row_as_names" value="true"/>
        <list key="annotations"/>
        <parameter key="time_zone" value="SYSTEM"/>
        <parameter key="locale" value="English (United States)"/>
        <parameter key="encoding" value="SYSTEM"/>
        <list key="data_set_meta_data_information"/>
        <parameter key="read_not_matching_values_as_missings" value="true"/>
        <parameter key="datamanagement" value="double_array"/>
      </operator>
      <connect from_op="Generate Nominal Data" from_port="output" to_op="Set Data" to_port="example set input"/>
      <connect from_op="Set Data" from_port="example set output" to_op="Set Data (2)" to_port="example set input"/>
      <connect from_op="Set Data (2)" from_port="example set output" to_op="Write CSV" to_port="input"/>
      <connect from_op="Read CSV" from_port="output" to_port="result 1"/>
      <portSpacing port="source_input 1" spacing="0"/>
      <portSpacing port="sink_result 1" spacing="0"/>
      <portSpacing port="sink_result 2" spacing="0"/>
    </process>
  </operator>
</process>
