<?xml version="1.0" encoding="UTF-8" standalone="no"?>
<process version="5.3.014">
  <context>
    <input/>
    <output/>
    <macros/>
  </context>
  <operator activated="true" class="process" compatibility="5.3.014" expanded="true" name="Process">
    <description>&lt;center&gt;Copyright © 2013 Andrew Chisholm&lt;br&gt;&lt;center&gt;All rights reserved&lt;br&gt;&lt;center&gt;andrew.chisholm@information-gain.com&lt;br&gt;
&lt;br&gt;
&lt;br&gt;
This process calls another process called dataGeneratorAndModel.xml that is assumed to be in the same repository location as this one.
&lt;br&gt;
Import both processes from its XML file and store in the same location in the same repository.
</description>
    <parameter key="logverbosity" value="init"/>
    <parameter key="random_seed" value="2001"/>
    <parameter key="send_mail" value="never"/>
    <parameter key="notification_email" value=""/>
    <parameter key="process_duration_for_mail" value="30"/>
    <parameter key="encoding" value="SYSTEM"/>
    <parameter key="parallelize_main_process" value="false"/>
    <process expanded="true">
      <operator activated="true" class="loop_parameters" compatibility="5.3.014" expanded="true" height="76" name="Loop Parameters" width="90" x="45" y="30">
        <list key="parameters">
          <parameter key="SetExamples.value" value="10,20,30,5,15,25,35,40,45,50,100"/>
          <parameter key="SetAttributes.value" value="10,20,30,5,15,25,35,40,45,50,100"/>
        </list>
        <parameter key="synchronize" value="false"/>
        <parameter key="parallelize_subprocess" value="false"/>
        <process expanded="true">
          <operator activated="true" class="set_macro" compatibility="5.3.014" expanded="true" height="76" name="SetExamples" width="90" x="45" y="30">
            <parameter key="macro" value="NumberOfExamples"/>
            <parameter key="value" value="100"/>
          </operator>
          <operator activated="true" class="set_macro" compatibility="5.3.014" expanded="true" height="76" name="SetAttributes" width="90" x="45" y="120">
            <parameter key="macro" value="NumberOfAttributes"/>
            <parameter key="value" value="100"/>
          </operator>
          <operator activated="true" class="execute_process" compatibility="5.3.014" expanded="true" height="76" name="Execute Process" width="90" x="179" y="30">
            <parameter key="process_location" value="dataGeneratorAndModel"/>
            <parameter key="use_input" value="true"/>
            <parameter key="store_output" value="false"/>
            <parameter key="propagate_metadata_recursively" value="true"/>
            <parameter key="cache_process" value="true"/>
            <list key="macros">
              <parameter key="NumberOfExamples" value="%{NumberOfExamples}"/>
              <parameter key="NumberOfAttributes" value="%{NumberOfAttributes}"/>
              <parameter key="Model" value="1"/>
            </list>
          </operator>
          <operator activated="true" class="performance_attribute_count" compatibility="5.3.014" expanded="true" height="76" name="Performance" width="90" x="179" y="120">
            <parameter key="optimization_direction" value="minimization"/>
          </operator>
          <connect from_port="input 1" to_op="SetExamples" to_port="through 1"/>
          <connect from_op="SetExamples" from_port="through 1" to_op="SetAttributes" to_port="through 1"/>
          <connect from_op="SetAttributes" from_port="through 1" to_op="Execute Process" to_port="input 1"/>
          <connect from_op="Execute Process" from_port="result 1" to_op="Performance" to_port="example set"/>
          <connect from_op="Performance" from_port="performance" to_port="performance"/>
          <connect from_op="Performance" from_port="example set" to_port="result 1"/>
          <portSpacing port="source_input 1" spacing="0"/>
          <portSpacing port="source_input 2" spacing="0"/>
          <portSpacing port="sink_performance" spacing="0"/>
          <portSpacing port="sink_result 1" spacing="0"/>
          <portSpacing port="sink_result 2" spacing="0"/>
        </process>
      </operator>
      <operator activated="true" class="append" compatibility="5.3.014" expanded="true" height="76" name="Append" width="90" x="179" y="30">
        <parameter key="datamanagement" value="double_array"/>
        <parameter key="merge_type" value="all"/>
      </operator>
      <operator activated="true" class="select_attributes" compatibility="5.3.014" expanded="true" height="76" name="Select Attributes" width="90" x="313" y="30">
        <parameter key="attribute_filter_type" value="subset"/>
        <parameter key="attribute" value=""/>
        <parameter key="attributes" value="|NumberOfAttributes|NumberOfExamples|ElapsedTime"/>
        <parameter key="use_except_expression" value="false"/>
        <parameter key="value_type" value="attribute_value"/>
        <parameter key="use_value_type_exception" value="false"/>
        <parameter key="except_value_type" value="time"/>
        <parameter key="block_type" value="attribute_block"/>
        <parameter key="use_block_type_exception" value="false"/>
        <parameter key="except_block_type" value="value_matrix_row_start"/>
        <parameter key="invert_selection" value="false"/>
        <parameter key="include_special_attributes" value="false"/>
      </operator>
      <connect from_op="Loop Parameters" from_port="result 1" to_op="Append" to_port="example set 1"/>
      <connect from_op="Append" from_port="merged set" to_op="Select Attributes" to_port="example set input"/>
      <connect from_op="Select Attributes" from_port="example set output" to_port="result 1"/>
      <portSpacing port="source_input 1" spacing="0"/>
      <portSpacing port="sink_result 1" spacing="0"/>
      <portSpacing port="sink_result 2" spacing="0"/>
    </process>
  </operator>
</process>
