<?xml version="1.0" encoding="UTF-8" standalone="no"?>
<process version="5.3.013">
  <context>
    <input/>
    <output/>
    <macros/>
  </context>
  <operator activated="true" class="process" compatibility="5.3.013" expanded="true" name="Process">
    <description>&lt;center&gt;Copyright © 2013 Andrew Chisholm&lt;br&gt;&lt;center&gt;All rights reserved&lt;br&gt;&lt;center&gt;andrew.chisholm@information-gain.com&lt;br&gt;</description>
    <parameter key="logverbosity" value="init"/>
    <parameter key="random_seed" value="2001"/>
    <parameter key="send_mail" value="never"/>
    <parameter key="notification_email" value=""/>
    <parameter key="process_duration_for_mail" value="30"/>
    <parameter key="encoding" value="SYSTEM"/>
    <parameter key="parallelize_main_process" value="false"/>
    <process expanded="true">
      <operator activated="true" class="generate_data_user_specification" compatibility="5.3.013" expanded="true" height="60" name="Generate Data by User Specification" width="90" x="45" y="75">
        <list key="attribute_values">
          <parameter key="a1" value="2"/>
          <parameter key="a2" value="3"/>
        </list>
        <list key="set_additional_roles"/>
      </operator>
      <operator activated="true" class="generate_macro" compatibility="5.3.013" expanded="true" height="76" name="Generate Macro" width="90" x="179" y="75">
        <list key="function_descriptions">
          <parameter key="m1" value="1"/>
        </list>
        <parameter key="use_standard_constants" value="true"/>
      </operator>
      <operator activated="true" class="generate_attributes" compatibility="5.3.013" expanded="true" height="76" name="Generate Attributes" width="90" x="313" y="75">
        <list key="function_descriptions">
          <parameter key="result" value="%{m1}+a2"/>
        </list>
        <parameter key="use_standard_constants" value="true"/>
        <parameter key="keep_all" value="true"/>
      </operator>
      <operator activated="true" class="generate_data_user_specification" compatibility="5.3.013" expanded="true" height="60" name="Generate Data by User Specification (2)" width="90" x="45" y="210">
        <list key="attribute_values">
          <parameter key="a1" value="2"/>
          <parameter key="a2" value="3"/>
        </list>
        <list key="set_additional_roles"/>
      </operator>
      <operator activated="true" class="generate_macro" compatibility="5.3.013" expanded="true" height="76" name="Generate Macro (2)" width="90" x="179" y="210">
        <list key="function_descriptions">
          <parameter key="m1" value="&quot;a1&quot;"/>
        </list>
        <parameter key="use_standard_constants" value="true"/>
      </operator>
      <operator activated="true" class="generate_attributes" compatibility="5.3.013" expanded="true" height="76" name="Generate Attributes (2)" width="90" x="313" y="210">
        <list key="function_descriptions">
          <parameter key="result" value="%{m1}+a2"/>
        </list>
        <parameter key="use_standard_constants" value="true"/>
        <parameter key="keep_all" value="true"/>
      </operator>
      <operator activated="true" class="generate_data_user_specification" compatibility="5.3.013" expanded="true" height="60" name="Generate Data by User Specification (3)" width="90" x="45" y="345">
        <list key="attribute_values">
          <parameter key="a1" value="&quot;one&quot;"/>
          <parameter key="a2" value="&quot;two&quot;"/>
        </list>
        <list key="set_additional_roles"/>
      </operator>
      <operator activated="true" class="generate_macro" compatibility="5.3.013" expanded="true" height="76" name="Generate Macro (3)" width="90" x="179" y="345">
        <list key="function_descriptions">
          <parameter key="m1" value="&quot;a1&quot;"/>
        </list>
        <parameter key="use_standard_constants" value="true"/>
      </operator>
      <operator activated="true" class="generate_attributes" compatibility="5.3.013" expanded="true" height="76" name="Generate Attributes (3)" width="90" x="313" y="345">
        <list key="function_descriptions">
          <parameter key="result" value="%{m1}+a2"/>
        </list>
        <parameter key="use_standard_constants" value="true"/>
        <parameter key="keep_all" value="true"/>
      </operator>
      <operator activated="true" class="generate_data_user_specification" compatibility="5.3.013" expanded="true" height="60" name="Generate Data by User Specification (4)" width="90" x="45" y="480">
        <list key="attribute_values">
          <parameter key="a1" value="&quot;one&quot;"/>
          <parameter key="a2" value="&quot;two&quot;"/>
        </list>
        <list key="set_additional_roles"/>
      </operator>
      <operator activated="true" class="generate_macro" compatibility="5.3.013" expanded="true" height="76" name="Generate Macro (4)" width="90" x="179" y="480">
        <list key="function_descriptions">
          <parameter key="m1" value="&quot;one&quot;"/>
        </list>
        <parameter key="use_standard_constants" value="true"/>
      </operator>
      <operator activated="true" class="generate_attributes" compatibility="5.3.013" expanded="true" height="76" name="Generate Attributes (4)" width="90" x="313" y="480">
        <list key="function_descriptions">
          <parameter key="result" value="&quot;%{m1}&quot;+a2"/>
        </list>
        <parameter key="use_standard_constants" value="true"/>
        <parameter key="keep_all" value="true"/>
      </operator>
      <operator activated="true" class="generate_data_user_specification" compatibility="5.3.013" expanded="true" height="60" name="Generate Data by User Specification (5)" width="90" x="45" y="615">
        <list key="attribute_values">
          <parameter key="a1" value="&quot;one&quot;"/>
          <parameter key="a2" value="&quot;two&quot;"/>
        </list>
        <list key="set_additional_roles"/>
      </operator>
      <operator activated="true" class="generate_macro" compatibility="5.3.013" expanded="true" height="76" name="Generate Macro (5)" width="90" x="179" y="615">
        <list key="function_descriptions">
          <parameter key="m1" value="&quot;a1&quot;"/>
        </list>
        <parameter key="use_standard_constants" value="true"/>
      </operator>
      <operator activated="true" class="generate_attributes" compatibility="5.3.013" expanded="true" height="76" name="Generate Attributes (5)" width="90" x="313" y="615">
        <list key="function_descriptions">
          <parameter key="result" value="&quot;%{m1}&quot;+a2"/>
        </list>
        <parameter key="use_standard_constants" value="true"/>
        <parameter key="keep_all" value="true"/>
      </operator>
      <connect from_op="Generate Data by User Specification" from_port="output" to_op="Generate Macro" to_port="through 1"/>
      <connect from_op="Generate Macro" from_port="through 1" to_op="Generate Attributes" to_port="example set input"/>
      <connect from_op="Generate Attributes" from_port="example set output" to_port="result 1"/>
      <connect from_op="Generate Data by User Specification (2)" from_port="output" to_op="Generate Macro (2)" to_port="through 1"/>
      <connect from_op="Generate Macro (2)" from_port="through 1" to_op="Generate Attributes (2)" to_port="example set input"/>
      <connect from_op="Generate Attributes (2)" from_port="example set output" to_port="result 2"/>
      <connect from_op="Generate Data by User Specification (3)" from_port="output" to_op="Generate Macro (3)" to_port="through 1"/>
      <connect from_op="Generate Macro (3)" from_port="through 1" to_op="Generate Attributes (3)" to_port="example set input"/>
      <connect from_op="Generate Attributes (3)" from_port="example set output" to_port="result 3"/>
      <connect from_op="Generate Data by User Specification (4)" from_port="output" to_op="Generate Macro (4)" to_port="through 1"/>
      <connect from_op="Generate Macro (4)" from_port="through 1" to_op="Generate Attributes (4)" to_port="example set input"/>
      <connect from_op="Generate Attributes (4)" from_port="example set output" to_port="result 4"/>
      <connect from_op="Generate Data by User Specification (5)" from_port="output" to_op="Generate Macro (5)" to_port="through 1"/>
      <connect from_op="Generate Macro (5)" from_port="through 1" to_op="Generate Attributes (5)" to_port="example set input"/>
      <connect from_op="Generate Attributes (5)" from_port="example set output" to_port="result 5"/>
      <portSpacing port="source_input 1" spacing="0"/>
      <portSpacing port="sink_result 1" spacing="0"/>
      <portSpacing port="sink_result 2" spacing="0"/>
      <portSpacing port="sink_result 3" spacing="0"/>
      <portSpacing port="sink_result 4" spacing="0"/>
      <portSpacing port="sink_result 5" spacing="0"/>
      <portSpacing port="sink_result 6" spacing="0"/>
    </process>
  </operator>
</process>
