<?xml version="1.0" encoding="UTF-8" standalone="no"?>
<process version="5.3.013">
  <context>
    <input/>
    <output/>
    <macros/>
  </context>
  <operator activated="true" class="process" compatibility="5.3.013" expanded="true" name="Process">
    <description>&lt;center&gt;Copyright © 2013 Andrew Chisholm&lt;br&gt;All rights reserved&lt;br&gt;andrew.chisholm@information-gain.com&lt;/center&gt;
&lt;br&gt;

&lt;p&gt;To display the graphic from the text use the advanced plotter and set the configuration parameters to the following:&lt;/p&gt;
&lt;br&gt;
Domain dimension = att2&lt;br&gt;
Color dimension = realOutlier&lt;br&gt;
Shape dimension = -Empty-&lt;br&gt;
Size dimension = realOutlier&lt;br&gt;
Numerical axis: Series: average(outlier)&lt;br&gt;</description>
    <parameter key="logverbosity" value="init"/>
    <parameter key="random_seed" value="2001"/>
    <parameter key="send_mail" value="never"/>
    <parameter key="notification_email" value=""/>
    <parameter key="process_duration_for_mail" value="30"/>
    <parameter key="encoding" value="SYSTEM"/>
    <parameter key="parallelize_main_process" value="false"/>
    <process expanded="true">
      <operator activated="true" class="generate_data" compatibility="5.3.013" expanded="true" height="60" name="Generate Data" width="90" x="45" y="30">
        <parameter key="target_function" value="gaussian mixture clusters"/>
        <parameter key="number_examples" value="1000"/>
        <parameter key="number_of_attributes" value="2"/>
        <parameter key="attributes_lower_bound" value="-10.0"/>
        <parameter key="attributes_upper_bound" value="10.0"/>
        <parameter key="use_local_random_seed" value="false"/>
        <parameter key="local_random_seed" value="1992"/>
        <parameter key="datamanagement" value="double_array"/>
      </operator>
      <operator activated="true" class="select_attributes" compatibility="5.3.013" expanded="true" height="76" name="Select Attributes" width="90" x="45" y="165">
        <parameter key="attribute_filter_type" value="subset"/>
        <parameter key="attribute" value=""/>
        <parameter key="attributes" value="|att2|att1"/>
        <parameter key="use_except_expression" value="false"/>
        <parameter key="value_type" value="attribute_value"/>
        <parameter key="use_value_type_exception" value="false"/>
        <parameter key="except_value_type" value="time"/>
        <parameter key="block_type" value="attribute_block"/>
        <parameter key="use_block_type_exception" value="false"/>
        <parameter key="except_block_type" value="value_matrix_row_start"/>
        <parameter key="invert_selection" value="false"/>
        <parameter key="include_special_attributes" value="true"/>
      </operator>
      <operator activated="true" class="normalize" compatibility="5.3.013" expanded="true" height="94" name="Normalize" width="90" x="179" y="30">
        <parameter key="return_preprocessing_model" value="false"/>
        <parameter key="create_view" value="false"/>
        <parameter key="attribute_filter_type" value="all"/>
        <parameter key="attribute" value=""/>
        <parameter key="attributes" value=""/>
        <parameter key="use_except_expression" value="false"/>
        <parameter key="value_type" value="numeric"/>
        <parameter key="use_value_type_exception" value="false"/>
        <parameter key="except_value_type" value="real"/>
        <parameter key="block_type" value="value_series"/>
        <parameter key="use_block_type_exception" value="false"/>
        <parameter key="except_block_type" value="value_series_end"/>
        <parameter key="invert_selection" value="false"/>
        <parameter key="include_special_attributes" value="false"/>
        <parameter key="method" value="range transformation"/>
        <parameter key="min" value="0.0"/>
        <parameter key="max" value="1.0"/>
      </operator>
      <operator activated="true" class="generate_attributes" compatibility="5.3.013" expanded="true" height="76" name="Generate Attributes" width="90" x="179" y="165">
        <list key="function_descriptions">
          <parameter key="realOutlier" value="false"/>
        </list>
        <parameter key="use_standard_constants" value="true"/>
        <parameter key="keep_all" value="true"/>
      </operator>
      <operator activated="true" class="generate_data" compatibility="5.3.013" expanded="true" height="60" name="Generate Data (2)" width="90" x="45" y="345">
        <parameter key="target_function" value="random"/>
        <parameter key="number_examples" value="20"/>
        <parameter key="number_of_attributes" value="2"/>
        <parameter key="attributes_lower_bound" value="-10.0"/>
        <parameter key="attributes_upper_bound" value="10.0"/>
        <parameter key="use_local_random_seed" value="false"/>
        <parameter key="local_random_seed" value="1992"/>
        <parameter key="datamanagement" value="double_array"/>
      </operator>
      <operator activated="true" class="select_attributes" compatibility="5.3.013" expanded="true" height="76" name="Select Attributes (2)" width="90" x="45" y="480">
        <parameter key="attribute_filter_type" value="subset"/>
        <parameter key="attribute" value=""/>
        <parameter key="attributes" value="|att2|att1"/>
        <parameter key="use_except_expression" value="false"/>
        <parameter key="value_type" value="attribute_value"/>
        <parameter key="use_value_type_exception" value="false"/>
        <parameter key="except_value_type" value="time"/>
        <parameter key="block_type" value="attribute_block"/>
        <parameter key="use_block_type_exception" value="false"/>
        <parameter key="except_block_type" value="value_matrix_row_start"/>
        <parameter key="invert_selection" value="false"/>
        <parameter key="include_special_attributes" value="true"/>
      </operator>
      <operator activated="true" class="normalize" compatibility="5.3.013" expanded="true" height="94" name="Normalize (2)" width="90" x="179" y="345">
        <parameter key="return_preprocessing_model" value="false"/>
        <parameter key="create_view" value="false"/>
        <parameter key="attribute_filter_type" value="all"/>
        <parameter key="attribute" value=""/>
        <parameter key="attributes" value=""/>
        <parameter key="use_except_expression" value="false"/>
        <parameter key="value_type" value="numeric"/>
        <parameter key="use_value_type_exception" value="false"/>
        <parameter key="except_value_type" value="real"/>
        <parameter key="block_type" value="value_series"/>
        <parameter key="use_block_type_exception" value="false"/>
        <parameter key="except_block_type" value="value_series_end"/>
        <parameter key="invert_selection" value="false"/>
        <parameter key="include_special_attributes" value="false"/>
        <parameter key="method" value="range transformation"/>
        <parameter key="min" value="0.0"/>
        <parameter key="max" value="1.0"/>
      </operator>
      <operator activated="true" class="generate_attributes" compatibility="5.3.013" expanded="true" height="76" name="Generate Attributes (2)" width="90" x="179" y="480">
        <list key="function_descriptions">
          <parameter key="realOutlier" value="true"/>
        </list>
        <parameter key="use_standard_constants" value="true"/>
        <parameter key="keep_all" value="true"/>
      </operator>
      <operator activated="true" class="append" compatibility="5.3.013" expanded="true" height="94" name="Append" width="90" x="313" y="30">
        <parameter key="datamanagement" value="double_array"/>
        <parameter key="merge_type" value="all"/>
      </operator>
      <operator activated="true" class="generate_id" compatibility="5.3.013" expanded="true" height="76" name="Generate ID" width="90" x="313" y="165">
        <parameter key="create_nominal_ids" value="false"/>
        <parameter key="offset" value="0"/>
      </operator>
      <operator activated="true" class="multiply" compatibility="5.3.013" expanded="true" height="94" name="Multiply" width="90" x="313" y="345"/>
      <operator activated="true" class="select_attributes" compatibility="5.3.013" expanded="true" height="76" name="Select Attributes (3)" width="90" x="447" y="30">
        <parameter key="attribute_filter_type" value="subset"/>
        <parameter key="attribute" value=""/>
        <parameter key="attributes" value="|realOutlier"/>
        <parameter key="use_except_expression" value="false"/>
        <parameter key="value_type" value="attribute_value"/>
        <parameter key="use_value_type_exception" value="false"/>
        <parameter key="except_value_type" value="time"/>
        <parameter key="block_type" value="attribute_block"/>
        <parameter key="use_block_type_exception" value="false"/>
        <parameter key="except_block_type" value="value_matrix_row_start"/>
        <parameter key="invert_selection" value="true"/>
        <parameter key="include_special_attributes" value="false"/>
      </operator>
      <operator activated="true" class="loop_parameters" compatibility="5.3.013" expanded="true" height="76" name="Loop Parameters" width="90" x="447" y="165">
        <list key="parameters">
          <parameter key="DetectOutlier.minimal_points_lower_bound" value="[0.0;100;10;linear]"/>
          <parameter key="DetectOutlier.minimal_points_upper_bound" value="[0.0;100;10;linear]"/>
        </list>
        <parameter key="synchronize" value="false"/>
        <parameter key="parallelize_subprocess" value="false"/>
        <process expanded="true">
          <operator activated="true" class="extract_performance" compatibility="5.3.013" expanded="true" height="76" name="Performance (4)" width="90" x="45" y="30">
            <parameter key="performance_type" value="number_of_examples"/>
            <parameter key="statistics" value="average"/>
            <parameter key="attribute_name" value=""/>
            <parameter key="optimization_direction" value="minimize"/>
          </operator>
          <operator activated="true" class="generate_macro" compatibility="5.3.013" expanded="true" height="76" name="Generate Macro" width="90" x="179" y="120">
            <list key="function_descriptions">
              <parameter key="lower" value="param(&quot;DetectOutlier&quot;, &quot;minimal_points_lower_bound&quot;)"/>
              <parameter key="upper" value="param(&quot;DetectOutlier&quot;, &quot;minimal_points_upper_bound&quot;)"/>
              <parameter key="greater" value="if(%{upper}&gt;%{lower},1,0)"/>
            </list>
            <parameter key="use_standard_constants" value="true"/>
          </operator>
          <operator activated="true" class="branch" compatibility="5.3.013" expanded="true" height="76" name="Branch" width="90" x="313" y="120">
            <parameter key="condition_type" value="expression"/>
            <parameter key="condition_value" value="%{greater}"/>
            <parameter key="io_object" value="AHCDescribedCluster"/>
            <parameter key="return_inner_output" value="true"/>
            <parameter key="parallelize_then" value="false"/>
            <parameter key="parallelize_else" value="false"/>
            <process expanded="true">
              <operator activated="true" class="detect_outlier_lof" compatibility="5.3.013" expanded="true" height="76" name="DetectOutlier" width="90" x="45" y="30">
                <parameter key="minimal_points_lower_bound" value="20"/>
                <parameter key="minimal_points_upper_bound" value="0"/>
                <parameter key="distance_function" value="euclidian distance"/>
              </operator>
              <operator activated="true" class="print_to_console" compatibility="5.3.013" expanded="true" height="76" name="Print to Console (2)" width="90" x="45" y="165">
                <parameter key="log_value" value="then"/>
              </operator>
              <operator activated="true" class="generate_attributes" compatibility="5.3.013" expanded="true" height="76" name="Generate Attributes (3)" width="90" x="45" y="300">
                <list key="function_descriptions">
                  <parameter key="lowerK" value="param(&quot;DetectOutlier&quot;, &quot;minimal_points_lower_bound&quot;)"/>
                  <parameter key="upperK" value="param(&quot;DetectOutlier&quot;, &quot;minimal_points_upper_bound&quot;)"/>
                </list>
                <parameter key="use_standard_constants" value="false"/>
                <parameter key="keep_all" value="true"/>
              </operator>
              <operator activated="true" breakpoints="after" class="materialize_data" compatibility="5.3.013" expanded="true" height="76" name="Materialize Data" width="90" x="179" y="30">
                <parameter key="datamanagement" value="double_array"/>
              </operator>
              <connect from_port="condition" to_op="DetectOutlier" to_port="example set input"/>
              <connect from_op="DetectOutlier" from_port="example set output" to_op="Print to Console (2)" to_port="through 1"/>
              <connect from_op="Print to Console (2)" from_port="through 1" to_op="Generate Attributes (3)" to_port="example set input"/>
              <connect from_op="Generate Attributes (3)" from_port="example set output" to_op="Materialize Data" to_port="example set input"/>
              <connect from_op="Materialize Data" from_port="example set output" to_port="input 1"/>
              <portSpacing port="source_condition" spacing="0"/>
              <portSpacing port="source_input 1" spacing="0"/>
              <portSpacing port="sink_input 1" spacing="0"/>
              <portSpacing port="sink_input 2" spacing="0"/>
            </process>
            <process expanded="true">
              <operator activated="true" class="print_to_console" compatibility="5.3.013" expanded="true" height="76" name="Print to Console" width="90" x="112" y="30">
                <parameter key="log_value" value="else"/>
              </operator>
              <connect from_port="condition" to_op="Print to Console" to_port="through 1"/>
              <portSpacing port="source_condition" spacing="0"/>
              <portSpacing port="source_input 1" spacing="0"/>
              <portSpacing port="sink_input 1" spacing="0"/>
              <portSpacing port="sink_input 2" spacing="0"/>
            </process>
          </operator>
          <connect from_port="input 1" to_op="Performance (4)" to_port="example set"/>
          <connect from_op="Performance (4)" from_port="performance" to_port="performance"/>
          <connect from_op="Performance (4)" from_port="example set" to_op="Generate Macro" to_port="through 1"/>
          <connect from_op="Generate Macro" from_port="through 1" to_op="Branch" to_port="condition"/>
          <connect from_op="Branch" from_port="input 1" to_port="result 1"/>
          <portSpacing port="source_input 1" spacing="0"/>
          <portSpacing port="source_input 2" spacing="0"/>
          <portSpacing port="sink_performance" spacing="0"/>
          <portSpacing port="sink_result 1" spacing="0"/>
          <portSpacing port="sink_result 2" spacing="0"/>
        </process>
      </operator>
      <operator activated="true" class="append" compatibility="5.3.013" expanded="true" height="76" name="Append (2)" width="90" x="447" y="435">
        <parameter key="datamanagement" value="double_array"/>
        <parameter key="merge_type" value="all"/>
      </operator>
      <operator activated="true" class="generate_attributes" compatibility="5.3.013" expanded="true" height="76" name="Generate Attributes (4)" width="90" x="447" y="525">
        <list key="function_descriptions">
          <parameter key="difference" value="parse(upperK)-parse(lowerK)"/>
          <parameter key="start" value="str(difference)+&quot;_&quot;+lowerK"/>
        </list>
        <parameter key="use_standard_constants" value="true"/>
        <parameter key="keep_all" value="true"/>
      </operator>
      <operator activated="true" class="aggregate" compatibility="5.3.013" expanded="true" height="76" name="Aggregate (2)" width="90" x="581" y="30">
        <parameter key="use_default_aggregation" value="false"/>
        <parameter key="attribute_filter_type" value="all"/>
        <parameter key="attribute" value=""/>
        <parameter key="attributes" value=""/>
        <parameter key="use_except_expression" value="false"/>
        <parameter key="value_type" value="attribute_value"/>
        <parameter key="use_value_type_exception" value="false"/>
        <parameter key="except_value_type" value="time"/>
        <parameter key="block_type" value="attribute_block"/>
        <parameter key="use_block_type_exception" value="false"/>
        <parameter key="except_block_type" value="value_matrix_row_start"/>
        <parameter key="invert_selection" value="false"/>
        <parameter key="include_special_attributes" value="false"/>
        <parameter key="default_aggregation_function" value="average"/>
        <list key="aggregation_attributes">
          <parameter key="outlier" value="average"/>
          <parameter key="id" value="minimum"/>
        </list>
        <parameter key="group_by_attributes" value="|att2|att1"/>
        <parameter key="count_all_combinations" value="false"/>
        <parameter key="only_distinct" value="false"/>
        <parameter key="ignore_missings" value="true"/>
      </operator>
      <operator activated="true" class="rename" compatibility="5.3.013" expanded="true" height="76" name="Rename" width="90" x="581" y="165">
        <parameter key="old_name" value="minimum(id)"/>
        <parameter key="new_name" value="id"/>
        <list key="rename_additional_attributes"/>
      </operator>
      <operator activated="true" class="set_role" compatibility="5.3.013" expanded="true" height="76" name="Set Role" width="90" x="581" y="255">
        <parameter key="attribute_name" value="id"/>
        <parameter key="target_role" value="id"/>
        <list key="set_additional_roles"/>
      </operator>
      <operator activated="true" class="join" compatibility="5.3.013" expanded="true" height="76" name="Join" width="90" x="715" y="345">
        <parameter key="remove_double_attributes" value="true"/>
        <parameter key="join_type" value="inner"/>
        <parameter key="use_id_attribute_as_key" value="true"/>
        <list key="key_attributes"/>
        <parameter key="keep_both_join_attributes" value="false"/>
      </operator>
      <connect from_op="Generate Data" from_port="output" to_op="Select Attributes" to_port="example set input"/>
      <connect from_op="Select Attributes" from_port="example set output" to_op="Normalize" to_port="example set input"/>
      <connect from_op="Normalize" from_port="example set output" to_op="Generate Attributes" to_port="example set input"/>
      <connect from_op="Generate Attributes" from_port="example set output" to_op="Append" to_port="example set 1"/>
      <connect from_op="Generate Data (2)" from_port="output" to_op="Select Attributes (2)" to_port="example set input"/>
      <connect from_op="Select Attributes (2)" from_port="example set output" to_op="Normalize (2)" to_port="example set input"/>
      <connect from_op="Normalize (2)" from_port="example set output" to_op="Generate Attributes (2)" to_port="example set input"/>
      <connect from_op="Generate Attributes (2)" from_port="example set output" to_op="Append" to_port="example set 2"/>
      <connect from_op="Append" from_port="merged set" to_op="Generate ID" to_port="example set input"/>
      <connect from_op="Generate ID" from_port="example set output" to_op="Multiply" to_port="input"/>
      <connect from_op="Multiply" from_port="output 1" to_op="Select Attributes (3)" to_port="example set input"/>
      <connect from_op="Multiply" from_port="output 2" to_op="Join" to_port="right"/>
      <connect from_op="Select Attributes (3)" from_port="example set output" to_op="Loop Parameters" to_port="input 1"/>
      <connect from_op="Loop Parameters" from_port="result 1" to_op="Append (2)" to_port="example set 1"/>
      <connect from_op="Append (2)" from_port="merged set" to_op="Generate Attributes (4)" to_port="example set input"/>
      <connect from_op="Generate Attributes (4)" from_port="example set output" to_op="Aggregate (2)" to_port="example set input"/>
      <connect from_op="Aggregate (2)" from_port="example set output" to_op="Rename" to_port="example set input"/>
      <connect from_op="Rename" from_port="example set output" to_op="Set Role" to_port="example set input"/>
      <connect from_op="Set Role" from_port="example set output" to_op="Join" to_port="left"/>
      <connect from_op="Join" from_port="join" to_port="result 1"/>
      <portSpacing port="source_input 1" spacing="0"/>
      <portSpacing port="sink_result 1" spacing="0"/>
      <portSpacing port="sink_result 2" spacing="0"/>
    </process>
  </operator>
</process>
