<?xml version="1.0" encoding="UTF-8" standalone="no"?>
<process version="5.3.013">
  <context>
    <input/>
    <output/>
    <macros/>
  </context>
  <operator activated="true" class="process" compatibility="5.3.013" expanded="true" name="Process">
    <description>&lt;center&gt;Copyright © 2013 Andrew Chisholm&lt;br&gt;&lt;center&gt;All rights reserved&lt;br&gt;&lt;center&gt;andrew.chisholm@information-gain.com&lt;br&gt;

&lt;br&gt;

&lt;p&gt;To recreate figures from the book use the advanced plotter and set the configuration to the following:&lt;/p&gt;
&lt;br&gt;
&lt;p&gt;
Domain dimension = att1&lt;br&gt;
Color dimension = type&lt;br&gt;
Shape dimension = shape&lt;br&gt;
Size dimension = type&lt;br&gt;
Numerical axis: Series: att2&lt;br&gt;
&lt;/p&gt;
Change the value of the number of neighburs (shorthand for k) for the Detect Outliers (Distances) operator to produce different output.</description>
    <parameter key="logverbosity" value="init"/>
    <parameter key="random_seed" value="2001"/>
    <parameter key="send_mail" value="never"/>
    <parameter key="notification_email" value=""/>
    <parameter key="process_duration_for_mail" value="30"/>
    <parameter key="encoding" value="SYSTEM"/>
    <parameter key="parallelize_main_process" value="false"/>
    <process expanded="true">
      <operator activated="true" class="generate_data" compatibility="5.3.013" expanded="true" height="60" name="Generate Data" width="90" x="45" y="75">
        <parameter key="target_function" value="gaussian mixture clusters"/>
        <parameter key="number_examples" value="1000"/>
        <parameter key="number_of_attributes" value="2"/>
        <parameter key="attributes_lower_bound" value="-10.0"/>
        <parameter key="attributes_upper_bound" value="10.0"/>
        <parameter key="use_local_random_seed" value="false"/>
        <parameter key="local_random_seed" value="1992"/>
        <parameter key="datamanagement" value="double_array"/>
      </operator>
      <operator activated="true" class="select_attributes" compatibility="5.3.013" expanded="true" height="76" name="Select Attributes" width="90" x="45" y="165">
        <parameter key="attribute_filter_type" value="subset"/>
        <parameter key="attribute" value=""/>
        <parameter key="attributes" value="|att2|att1"/>
        <parameter key="use_except_expression" value="false"/>
        <parameter key="value_type" value="attribute_value"/>
        <parameter key="use_value_type_exception" value="false"/>
        <parameter key="except_value_type" value="time"/>
        <parameter key="block_type" value="attribute_block"/>
        <parameter key="use_block_type_exception" value="false"/>
        <parameter key="except_block_type" value="value_matrix_row_start"/>
        <parameter key="invert_selection" value="false"/>
        <parameter key="include_special_attributes" value="true"/>
      </operator>
      <operator activated="true" class="normalize" compatibility="5.3.013" expanded="true" height="94" name="Normalize" width="90" x="45" y="255">
        <parameter key="return_preprocessing_model" value="false"/>
        <parameter key="create_view" value="false"/>
        <parameter key="attribute_filter_type" value="all"/>
        <parameter key="attribute" value=""/>
        <parameter key="attributes" value=""/>
        <parameter key="use_except_expression" value="false"/>
        <parameter key="value_type" value="numeric"/>
        <parameter key="use_value_type_exception" value="false"/>
        <parameter key="except_value_type" value="real"/>
        <parameter key="block_type" value="value_series"/>
        <parameter key="use_block_type_exception" value="false"/>
        <parameter key="except_block_type" value="value_series_end"/>
        <parameter key="invert_selection" value="false"/>
        <parameter key="include_special_attributes" value="false"/>
        <parameter key="method" value="range transformation"/>
        <parameter key="min" value="0.0"/>
        <parameter key="max" value="1.0"/>
      </operator>
      <operator activated="true" class="generate_attributes" compatibility="5.3.013" expanded="true" height="76" name="Generate Attributes" width="90" x="179" y="75">
        <list key="function_descriptions">
          <parameter key="realOutlier" value="false"/>
        </list>
        <parameter key="use_standard_constants" value="true"/>
        <parameter key="keep_all" value="true"/>
      </operator>
      <operator activated="true" class="generate_data" compatibility="5.3.013" expanded="true" height="60" name="Generate Data (2)" width="90" x="45" y="390">
        <parameter key="target_function" value="random"/>
        <parameter key="number_examples" value="20"/>
        <parameter key="number_of_attributes" value="2"/>
        <parameter key="attributes_lower_bound" value="-10.0"/>
        <parameter key="attributes_upper_bound" value="10.0"/>
        <parameter key="use_local_random_seed" value="false"/>
        <parameter key="local_random_seed" value="1992"/>
        <parameter key="datamanagement" value="double_array"/>
      </operator>
      <operator activated="true" class="select_attributes" compatibility="5.3.013" expanded="true" height="76" name="Select Attributes (2)" width="90" x="45" y="480">
        <parameter key="attribute_filter_type" value="subset"/>
        <parameter key="attribute" value=""/>
        <parameter key="attributes" value="|att2|att1"/>
        <parameter key="use_except_expression" value="false"/>
        <parameter key="value_type" value="attribute_value"/>
        <parameter key="use_value_type_exception" value="false"/>
        <parameter key="except_value_type" value="time"/>
        <parameter key="block_type" value="attribute_block"/>
        <parameter key="use_block_type_exception" value="false"/>
        <parameter key="except_block_type" value="value_matrix_row_start"/>
        <parameter key="invert_selection" value="false"/>
        <parameter key="include_special_attributes" value="true"/>
      </operator>
      <operator activated="true" class="normalize" compatibility="5.3.013" expanded="true" height="94" name="Normalize (2)" width="90" x="45" y="570">
        <parameter key="return_preprocessing_model" value="false"/>
        <parameter key="create_view" value="false"/>
        <parameter key="attribute_filter_type" value="all"/>
        <parameter key="attribute" value=""/>
        <parameter key="attributes" value=""/>
        <parameter key="use_except_expression" value="false"/>
        <parameter key="value_type" value="numeric"/>
        <parameter key="use_value_type_exception" value="false"/>
        <parameter key="except_value_type" value="real"/>
        <parameter key="block_type" value="value_series"/>
        <parameter key="use_block_type_exception" value="false"/>
        <parameter key="except_block_type" value="value_series_end"/>
        <parameter key="invert_selection" value="false"/>
        <parameter key="include_special_attributes" value="false"/>
        <parameter key="method" value="range transformation"/>
        <parameter key="min" value="0.0"/>
        <parameter key="max" value="1.0"/>
      </operator>
      <operator activated="true" class="generate_attributes" compatibility="5.3.013" expanded="true" height="76" name="Generate Attributes (2)" width="90" x="179" y="390">
        <list key="function_descriptions">
          <parameter key="realOutlier" value="true"/>
        </list>
        <parameter key="use_standard_constants" value="true"/>
        <parameter key="keep_all" value="true"/>
      </operator>
      <operator activated="true" class="append" compatibility="5.3.013" expanded="true" height="94" name="Append" width="90" x="313" y="75">
        <parameter key="datamanagement" value="double_array"/>
        <parameter key="merge_type" value="all"/>
      </operator>
      <operator activated="true" class="set_role" compatibility="5.3.013" expanded="true" height="76" name="Set Role" width="90" x="380" y="210">
        <parameter key="attribute_name" value="realOutlier"/>
        <parameter key="target_role" value="realOutlier"/>
        <list key="set_additional_roles"/>
      </operator>
      <operator activated="true" class="detect_outlier_distances" compatibility="5.3.013" expanded="true" height="76" name="Detect Outlier (Distances)" width="90" x="380" y="300">
        <parameter key="number_of_neighbors" value="1"/>
        <parameter key="number_of_outliers" value="20"/>
        <parameter key="distance_function" value="euclidian distance"/>
      </operator>
      <operator activated="true" class="rename" compatibility="5.3.013" expanded="true" height="76" name="Rename" width="90" x="380" y="390">
        <parameter key="old_name" value="outlier"/>
        <parameter key="new_name" value="predictedOutlier"/>
        <list key="rename_additional_attributes"/>
      </operator>
      <operator activated="true" class="nominal_to_numerical" compatibility="5.3.013" expanded="true" height="94" name="Nominal to Numerical" width="90" x="514" y="75">
        <parameter key="return_preprocessing_model" value="false"/>
        <parameter key="create_view" value="false"/>
        <parameter key="attribute_filter_type" value="all"/>
        <parameter key="attribute" value=""/>
        <parameter key="attributes" value=""/>
        <parameter key="use_except_expression" value="false"/>
        <parameter key="value_type" value="nominal"/>
        <parameter key="use_value_type_exception" value="false"/>
        <parameter key="except_value_type" value="file_path"/>
        <parameter key="block_type" value="single_value"/>
        <parameter key="use_block_type_exception" value="false"/>
        <parameter key="except_block_type" value="single_value"/>
        <parameter key="invert_selection" value="false"/>
        <parameter key="include_special_attributes" value="true"/>
        <parameter key="coding_type" value="unique integers"/>
        <parameter key="use_comparison_groups" value="false"/>
        <list key="comparison_groups"/>
        <parameter key="unexpected_value_handling" value="all 0 and warning"/>
        <parameter key="use_underscore_in_name" value="false"/>
      </operator>
      <operator activated="true" class="generate_attributes" compatibility="5.3.013" expanded="true" height="76" name="Generate Attributes (3)" width="90" x="514" y="210">
        <list key="function_descriptions">
          <parameter key="type" value="if(realOutlier==0, if(predictedOutlier==1,4,1), if(predictedOutlier==1,2,3))"/>
          <parameter key="shape" value="str(type)"/>
        </list>
        <parameter key="use_standard_constants" value="true"/>
        <parameter key="keep_all" value="true"/>
      </operator>
      <operator activated="true" class="set_role" compatibility="5.3.013" expanded="true" height="76" name="Set Role (2)" width="90" x="514" y="300">
        <parameter key="attribute_name" value="shape"/>
        <parameter key="target_role" value="shape"/>
        <list key="set_additional_roles">
          <parameter key="type" value="type"/>
        </list>
      </operator>
      <connect from_op="Generate Data" from_port="output" to_op="Select Attributes" to_port="example set input"/>
      <connect from_op="Select Attributes" from_port="example set output" to_op="Normalize" to_port="example set input"/>
      <connect from_op="Normalize" from_port="example set output" to_op="Generate Attributes" to_port="example set input"/>
      <connect from_op="Generate Attributes" from_port="example set output" to_op="Append" to_port="example set 1"/>
      <connect from_op="Generate Data (2)" from_port="output" to_op="Select Attributes (2)" to_port="example set input"/>
      <connect from_op="Select Attributes (2)" from_port="example set output" to_op="Normalize (2)" to_port="example set input"/>
      <connect from_op="Normalize (2)" from_port="example set output" to_op="Generate Attributes (2)" to_port="example set input"/>
      <connect from_op="Generate Attributes (2)" from_port="example set output" to_op="Append" to_port="example set 2"/>
      <connect from_op="Append" from_port="merged set" to_op="Set Role" to_port="example set input"/>
      <connect from_op="Set Role" from_port="example set output" to_op="Detect Outlier (Distances)" to_port="example set input"/>
      <connect from_op="Detect Outlier (Distances)" from_port="example set output" to_op="Rename" to_port="example set input"/>
      <connect from_op="Rename" from_port="example set output" to_op="Nominal to Numerical" to_port="example set input"/>
      <connect from_op="Nominal to Numerical" from_port="example set output" to_op="Generate Attributes (3)" to_port="example set input"/>
      <connect from_op="Generate Attributes (3)" from_port="example set output" to_op="Set Role (2)" to_port="example set input"/>
      <connect from_op="Set Role (2)" from_port="example set output" to_port="result 1"/>
      <portSpacing port="source_input 1" spacing="0"/>
      <portSpacing port="sink_result 1" spacing="0"/>
      <portSpacing port="sink_result 2" spacing="0"/>
    </process>
  </operator>
</process>
