<?xml version="1.0" encoding="UTF-8" standalone="no"?>
<process version="5.3.014">
  <context>
    <input/>
    <output/>
    <macros/>
  </context>
  <operator activated="true" class="process" compatibility="5.3.014" expanded="true" name="Process">
    <description>&lt;center&gt;Copyright © 2013 Andrew Chisholm&lt;br&gt;&lt;center&gt;All rights reserved&lt;br&gt;&lt;center&gt;andrew.chisholm@information-gain.com&lt;br&gt;
&lt;br&gt;
&lt;br&gt;
This process reads and writes to a folder at the following location
&lt;br&gt;
C:\exploringDataWithRapidMiner
&lt;br&gt;
Change this for your own needs as required
</description>
    <parameter key="logverbosity" value="init"/>
    <parameter key="random_seed" value="2001"/>
    <parameter key="send_mail" value="never"/>
    <parameter key="notification_email" value=""/>
    <parameter key="process_duration_for_mail" value="30"/>
    <parameter key="encoding" value="SYSTEM"/>
    <parameter key="parallelize_main_process" value="false"/>
    <process expanded="true">
      <operator activated="true" class="read_csv" compatibility="5.3.014" expanded="true" height="60" name="Read CSV" width="90" x="45" y="75">
        <parameter key="csv_file" value="C:\exploringDataWithRapidMiner\sunspots.dat"/>
        <parameter key="column_separators" value="[ ]{1,}"/>
        <parameter key="trim_lines" value="false"/>
        <parameter key="use_quotes" value="true"/>
        <parameter key="quotes_character" value="&quot;"/>
        <parameter key="escape_character" value="\"/>
        <parameter key="skip_comments" value="false"/>
        <parameter key="comment_characters" value="#"/>
        <parameter key="parse_numbers" value="true"/>
        <parameter key="decimal_character" value="."/>
        <parameter key="grouped_digits" value="false"/>
        <parameter key="grouping_character" value=","/>
        <parameter key="date_format" value=""/>
        <parameter key="first_row_as_names" value="false"/>
        <list key="annotations"/>
        <parameter key="time_zone" value="SYSTEM"/>
        <parameter key="locale" value="English (United States)"/>
        <parameter key="encoding" value="windows-1252"/>
        <list key="data_set_meta_data_information">
          <parameter key="0" value="year.true.real.attribute"/>
          <parameter key="1" value="sunspots.true.real.attribute"/>
          <parameter key="2" value="att3.false.attribute_value.attribute"/>
        </list>
        <parameter key="read_not_matching_values_as_missings" value="true"/>
        <parameter key="datamanagement" value="double_array"/>
      </operator>
      <operator activated="true" class="set_role" compatibility="5.3.013" expanded="true" height="76" name="Set Role" width="90" x="45" y="165">
        <parameter key="attribute_name" value="year"/>
        <parameter key="target_role" value="id"/>
        <list key="set_additional_roles"/>
      </operator>
      <operator activated="true" class="series:windowing" compatibility="5.3.000" expanded="true" height="76" name="Windowing" width="90" x="179" y="75">
        <parameter key="series_representation" value="encode_series_by_examples"/>
        <parameter key="window_size" value="11"/>
        <parameter key="step_size" value="11"/>
        <parameter key="create_single_attributes" value="true"/>
        <parameter key="create_label" value="false"/>
        <parameter key="select_label_by_dimension" value="false"/>
        <parameter key="label_attribute" value="year"/>
        <parameter key="horizon" value="0"/>
        <parameter key="add_incomplete_windows" value="false"/>
        <parameter key="stop_on_too_small_dataset" value="true"/>
      </operator>
      <operator activated="true" class="rename" compatibility="5.3.014" expanded="true" height="76" name="Rename" width="90" x="179" y="165">
        <parameter key="old_name" value="year"/>
        <parameter key="new_name" value="endYear"/>
        <list key="rename_additional_attributes"/>
      </operator>
      <operator activated="true" class="de_pivot" compatibility="5.3.014" expanded="true" height="76" name="De-Pivot" width="90" x="179" y="345">
        <list key="attribute_name">
          <parameter key="sunspot" value="sunspots-.*"/>
        </list>
        <parameter key="index_attribute" value="year"/>
        <parameter key="create_nominal_index" value="false"/>
        <parameter key="keep_missings" value="false"/>
      </operator>
      <operator activated="true" class="generate_attributes" compatibility="5.3.014" expanded="true" height="76" name="Generate Attributes" width="90" x="313" y="255">
        <list key="function_descriptions">
          <parameter key="startYear" value="endYear-10"/>
        </list>
        <parameter key="use_standard_constants" value="true"/>
        <parameter key="keep_all" value="true"/>
      </operator>
      <operator activated="true" class="numerical_to_polynominal" compatibility="5.3.014" expanded="true" height="76" name="Numerical to Polynominal" width="90" x="447" y="255">
        <parameter key="attribute_filter_type" value="single"/>
        <parameter key="attribute" value="startYear"/>
        <parameter key="attributes" value=""/>
        <parameter key="use_except_expression" value="false"/>
        <parameter key="value_type" value="numeric"/>
        <parameter key="use_value_type_exception" value="false"/>
        <parameter key="except_value_type" value="real"/>
        <parameter key="block_type" value="value_series"/>
        <parameter key="use_block_type_exception" value="false"/>
        <parameter key="except_block_type" value="value_series_end"/>
        <parameter key="invert_selection" value="false"/>
        <parameter key="include_special_attributes" value="false"/>
      </operator>
      <connect from_op="Read CSV" from_port="output" to_op="Set Role" to_port="example set input"/>
      <connect from_op="Set Role" from_port="example set output" to_op="Windowing" to_port="example set input"/>
      <connect from_op="Windowing" from_port="example set output" to_op="Rename" to_port="example set input"/>
      <connect from_op="Windowing" from_port="original" to_port="result 1"/>
      <connect from_op="Rename" from_port="example set output" to_op="De-Pivot" to_port="example set input"/>
      <connect from_op="Rename" from_port="original" to_port="result 4"/>
      <connect from_op="De-Pivot" from_port="example set output" to_op="Generate Attributes" to_port="example set input"/>
      <connect from_op="De-Pivot" from_port="original" to_port="result 3"/>
      <connect from_op="Generate Attributes" from_port="example set output" to_op="Numerical to Polynominal" to_port="example set input"/>
      <connect from_op="Numerical to Polynominal" from_port="example set output" to_port="result 2"/>
      <portSpacing port="source_input 1" spacing="0"/>
      <portSpacing port="sink_result 1" spacing="0"/>
      <portSpacing port="sink_result 2" spacing="0"/>
      <portSpacing port="sink_result 3" spacing="324"/>
      <portSpacing port="sink_result 4" spacing="0"/>
      <portSpacing port="sink_result 5" spacing="0"/>
    </process>
  </operator>
</process>
